"name","position","country","club"
"Essam El Hadary","GK","Egypt","Al Taawoun"
"Mohamed El-Shennawy","GK","Egypt","Al Ahly"
"Sherif Ekramy","GK","Egypt","Al Ahly"
"Ahmed Fathi","DEF","Egypt","Al Ahly"
"Saad Samir","DEF","Egypt","Al Ahly"
"Ayman Ashraf","DEF","Egypt","Al Ahly"
"Mahmoud Hamdy","DEF","Egypt","Zamalek"
"Mohamed Abdel-Shafy","DEF","Egypt","Al Fateh"
"Ahmed Hegazi","DEF","Egypt","West Brom"
"Ali Gabr","DEF","Egypt","Zamalek"
"Ahmed Elmohamady","DEF","Egypt","Aston Villa"
"Omar Gaber","DEF","Egypt","Los Angeles FC"
"Tarek Hamed","MID","Egypt","Zamalek"
"Shikabala","MID","Egypt","Zamalek"
"Abdallah Said","MID","Egypt","Al Ahli"
"Sam Morsy","MID","Egypt","Wigan Athletic"
"Mohamed Elneny","MID","Egypt","Arsenal"
"Mahmoud Kahraba","MID","Egypt","Al Ittihad"
"Ramadan Sobhi","MID","Egypt","Stoke City"
"Mahmoud Hassan","MID","Egypt","Kasimpasa"
"Amr Warda","MID","Egypt","Atromitos Athens"
"Marwan Mohsen","ATT","Egypt","Al Ahly"
"Mohamed Salah","ATT","Egypt","Liverpool"
"Igor Akinfeev","GK","Russia","CSKA Moscow"
"Vladimir Gabulov","GK","Russia","Club Brugge"
"Andrey Lunev","GK","Russia","Zenit St Petersburg"
"Vladimir Granat","DEF","Russia","Rubin Kazan"
"Fedor Kudryashov","DEF","Russia","Rubin Kazan"
"Ilya Kutepov","DEF","Russia","Spartak Moscow"
"Andrey Semenov","DEF","Russia","Akhmat Grozny"
"Sergei Ignashevich","DEF","Russia","CSKA Moscow"
"Mario Fernandes","DEF","Russia","CSKA Moscow"
"Igor Smolnikov","DEF","Russia","Zenit St Petersburg"
"Yuri Gazinskiy","MID","Russia","Krasnodar"
"Alexsandr Golovin","MID","Russia","CSKA Moscow"
"Alan Dzagoev","MID","Russia","CSKA Moscow"
"Aleksandr Erokhin","MID","Russia","Zenit St Petersburg"
"Yuri Zhirkov","MID","Russia","Zenit St Petersburg"
"Daler Kuzyaev","MID","Russia","Zenit St Petersburg"
"Roman Zobnin","MID","Russia","Spartak Moscow"
"Alexsandr Samedov","MID","Russia","Spartak Moscow"
"Anton Miranchuk","MID","Russia","Lokomotiv Moscow"
"Denis Cheryshev","MID","Russia","Villarreal"
"Artem Dzyuba","ATT","Russia","Arsenal Tula"
"Aleksey Miranchuk","ATT","Russia","Lokomotiv Moscow"
"Fedor Smolov","ATT","Russia","Krasnodar"
"Mohammed Al Owais","GK","Saudi Arabia","Al Ahli"
"Yasser Al Mosailem","GK","Saudi Arabia","Al Ahli"
"Abdullah Al Mayouf","GK","Saudi Arabia","Al Hilal"
"Mansoor Al Harbi","DEF","Saudi Arabia","Al Ahli"
"Yasser Al ShahraniMohammed Al Breik","DEF","Saudi Arabia","Al Hilal"
"Motaz Hawsawi","DEF","Saudi Arabia","Al Ahli"
"Osama Hawsawi","DEF","Saudi Arabia","Al Hilal"
"Omar Hawsawi","DEF","Saudi Arabia","Al Nassr"
"Ali Al Bulaihi","DEF","Saudi Arabia","Al Hilal"
"Abdullah Al Khaibari","MID","Saudi Arabia","Al Shabab"
"Abdulmalek Al Khaibri","MID","Saudi Arabia","Al Hilal"
"Abdullah Otayf","MID","Saudi Arabia","Al Hilal"
"Taiseer Al Jassim","MID","Saudi Arabia","Al Ahli"
"Houssain Al Mogahwi","MID","Saudi Arabia","Al Ahli"
"Salman Al Faraj","MID","Saudi Arabia","Al Hilal"
"Mohamed Kanno","MID","Saudi Arabia","Al Hilal"
"Hattan Bahebri","MID","Saudi Arabia","Al Shabab"
"Salem Al Dawsari","MID","Saudi Arabia","Al Hilal"
"Yahya Al Shehri","MID","Saudi Arabia","Al Nassr"
"Fahad Al Muwallad","MID","Saudi Arabia","Al Ittihad"
"Mohammad Al Sahlawi","ATT","Saudi Arabia","Al Nassr"
"Muhannad Assiri","ATT","Saudi Arabia","Al Ahli"
"Martin Campana","GK","Uruguay","Independiente"
"Fernando Muslera","GK","Uruguay","Galatasaray"
"Martin Silva","GK","Uruguay","Vasco da Gama"
"Martin Caceres","DEF","Uruguay","Lazio"
"Sebastian Coates","DEF","Uruguay","Sporting CP"
"Jose Maria Gimenez","DEF","Uruguay","Atletico Madrid"
"Diego Godin","DEF","Uruguay","Atletico Madrid"
"Maximiliano Pereira","DEF","Uruguay","Porto"
"Gaston Silva","DEF","Uruguay","Independiente"
"Guillermo Varela","DEF","Uruguay","Penarol"
"Giorgian De Arrascaeta","MID","Uruguay","Cruzeiro"
"Rodrigo Bentancur","MID","Uruguay","Juventus"
"Diego Laxalt","MID","Uruguay","Genoa"
"Nahitan Nandez","MID","Uruguay","Boca Juniors"
"Cristian Rodriguez","MID","Uruguay","Penarol"
"Carlos Sanchez","MID","Uruguay","Monterrey"
"Lucas Torreira","MID","Uruguay","Sampdoria"
"Matias Vecino","MID","Uruguay","Inter"
"Jonathan Urretaviscaya","MID","Uruguay","Monterrey"
"Edinson Cavani","ATT","Uruguay","Paris St-Germain"
"Maximiliano Gomez","ATT","Uruguay","Celta Vigo"
"Luis Suarez","ATT","Uruguay","Barcelona"
"Cristhian Stuani","ATT","Uruguay","Girona"
"Alireza Beyranvand","GK","Iran","Persepolis"
"Rashid Mazaheri","GK","Iran","Zob Ahan"
"Amir Abedzadeh","GK","Iran","Maritimo"
"Majid Hosseini","DEF","Iran","Esteghlal"
"Ramin Rezaeian","DEF","Iran","Ostende"
"Mohammad Reza Khanzadeh","DEF","Iran","Padideh"
"Morteza Pouraliganji","DEF","Iran","Alsaad"
"Pejman Montazeri","DEF","Iran","Esteghlal"
"Milad Mohammadi","DEF","Iran","Akhmat Grozny"
"Roozbeh Cheshmi","DEF","Iran","Esteghlal"
"Ehsan Hajsafi","DEF","Iran","Olympiacos"
"Saeid Ezatollahi","MID","Iran","Amkar Perm"
"Masoud Shojaei","MID","Iran","AEK Athens"
"Mehdi Torabi","MID","Iran","Saipa"
"Omid Ebrahimi","MID","Iran","Esteghlal"
"Karim Ansarifard","MID","Iran","Olympiacos"
"Alireza Jahanbakhsh","ATT","Iran","AZ Alkmaar"
"Mahdi Taremi","ATT","Iran","Al Gharafa"
"Sardar Azmoun","ATT","Iran","Rubin Kazan"
"Reza Ghoochannejhad","ATT","Iran","Heerenveen"
"Saman Ghoddos","ATT","Iran","Ostersunds"
"Ashkan Dejagah","ATT","Iran","Nottingham Forest"
"Vahid Amiri","ATT","Iran","Persepolis"
"Mounir El Kajoui","GK","Morroco","Numancia"
"Yassine Bounou","GK","Morroco","Girona"
"Ahmad Reda Tagnaouti","GK","Morroco","Ittihad Tanger"
"Mehdi Benatia","DEF","Morroco","Juventus"
"Romain Saiss","DEF","Morroco","Wolves"
"Manuel Da Costa","DEF","Morroco","Basaksehir"
"Nabil Dirar","DEF","Morroco","Fenerbahce"
"Achraf Hakimi","DEF","Morroco","Real Madrid"
"Hamza Mendyl","DEF","Morroco","Lille"
"M'barek Boussoufa","MID","Morroco","Al Jazira"
"Karim El Ahmadi","MID","Morroco","Feyenoord"
"Youssef Ait Bennasser","MID","Morroco","Caen"
"Sofyan Amrabat","MID","Morroco","Feyenoord"
"Younes Belhanda","MID","Morroco","Galatasaray"
"Faycal Fajr","MID","Morroco","Getafe"
"Amine Harit","MID","Morroco","Schalke 04"
"Khalid Boutaib","ATT","Morroco","Malatyaspor"
"Aziz Bouhaddouz","ATT","Morroco","Saint Pauli"
"Ayoub El Kaabi","ATT","Morroco","Renaissance Berkane"
"Nordin Amrabat","ATT","Morroco","Leganes"
"Mehdi Carcela","ATT","Morroco","Standard de Liege"
"Hakim Ziyech","ATT","Morroco","Ajax"
"Youssef En Nesyri","ATT","Morroco","Malaga"
"Anthony Lopes","GK","Portugal","Lyon"
"Beto","GK","Portugal","Goztepe"
"Rui Patricio","GK","Portugal","Sporting Lisbon"
"Bruno Alves","DEF","Portugal","Rangers"
"Cedric Soares","DEF","Portugal","Southampton"
"Jose Fonte","DEF","Portugal","Dalian Yifang"
"Mario Rui","DEF","Portugal","Napoli"
"Pepe","DEF","Portugal","Besiktas"
"Raphael Guerreiro","DEF","Portugal","Borussia Dortmund"
"Ricardo Pereira","DEF","Portugal","Porto"
"Ruben Dias","DEF","Portugal","Benfica"
"Adrien Silva","MID","Portugal","Leicester"
"Bruno Fernandes","MID","Portugal","Sporting Lisbon"
"Joao Mario","MID","Portugal","West Ham"
"Joao Moutinho","MID","Portugal","AS Monaco"
"Manuel Fernandes","MID","Portugal","Lokomotiv Moscow"
"William Carvalho","MID","Portugal","Sporting"
"Andre Silva","ATT","Portugal","AC Milan"
"Bernardo Silva","ATT","Portugal","Manchester City"
"Cristiano Ronaldo","ATT","Portugal","Real Madrid"
"Gelson Martins","ATT","Portugal","Sporting Lisbon"
"Goncalo Guedes","ATT","Portugal","Valencia"
"Ricardo Quaresma","ATT","Portugal","Besiktas"
"David de Gea","GK","Spain","Manchester United"
"Pepe Reina","GK","Spain","Napoli"
"Kepa Arrizabalaga","GK","Spain","Athletic Bilbao"
"Jordi Alba","DEF","Spain","Barcelona"
"Nacho Monreal","DEF","Spain","Arsenal"
"Alvaro Odriozola","DEF","Spain","Real Sociedad"
"Nacho Fernandez","DEF","Spain","Real Madrid"
"Dani Carvajal","DEF","Spain","Real Madrid"
"Gerard Pique","DEF","Spain","Barcelona"
"Sergio Ramos","DEF","Spain","Real Madrid"
"Cesar Azpilicueta","DEF","Spain","Chelsea"
"Sergio Busquets","MID","Spain","Barcelona"
"Isco","MID","Spain","Real Madrid"
"Thiago Alcantara","MID","Spain","Bayern Munich"
"David Silva","MID","Spain","Manchester City"
"Andres Iniesta","MID","Spain","Barcelona"
"Saul Niguez","MID","Spain","Atletico Madrid"
"Koke","MID","Spain","Atletico Madrid"
"Marco Asensio","ATT","Spain","Real Madrid"
"Iago Aspas","ATT","Spain","Celta Vigo"
"Diego Costa","ATT","Spain","Atletico Madrid"
"Rodrigo Moreno","ATT","Spain","Valencia"
"Lucas Vazquez","ATT","Spain","Real Madrid"
"Brad Jones","GK","Australia","Feyenoord"
"Mat Ryan","GK","Australia","Brighton"
"Danny Vukovic","GK","Australia","Genk"
"Aziz Behich","DEF","Australia","Bursaspor"
"Milos Degenek","DEF","Australia","Yokohama F Marinos"
"Matthew Jurman","DEF","Australia","Suwon Samsung Blue Wings"
"James Meredith","DEF","Australia","Millwall"
"Josh Risdon","DEF","Australia","Western Sydney"
"Trent Sainsbury","DEF","Australia","Grasshopper Zurich"
"Jackson Irvine","MID","Australia","Hull City"
"Mile Jedinak","MID","Australia","Aston Villa"
"Robbie Kruse","MID","Australia","VfL Bochum"
"Massimo Luongo","MID","Australia","QPR"
"Mark Milligan","MID","Australia","Al-Ahli"
"Aaron Mooy","MID","Australia","Huddersfield"
"Tom Rogic","MID","Australia","Celtic"
"Tim Cahill","MID","Australia","Millwall"
"Daniel Arzani","ATT","Australia","Melbourne City"
"Tomi Juric","ATT","Australia","Luzern"
"Mathew Leckie","ATT","Australia","Hertha Berlin"
"Andrew Nabbout","ATT","Australia","Urawa Red Diamonds"
"Dimitri Petratos","ATT","Australia","Newcastle Jets"
"Jamie Maclaren","ATT","Australia","Hibernian"
"Kasper Schmeichel","GK","Denmark","Leicester"
"Jonas Lossl","GK","Denmark","Huddersfield"
"Frederik Ronow","GK","Denmark","Brondby"
"Simon Kjaer","DEF","Denmark","Sevilla"
"Andreas Christensen","DEF","Denmark","Chelsea"
"Mathias Jorgensen","DEF","Denmark","Huddersfield"
"Jannik Vestergaard","DEF","Denmark","Borussia Moenchengladbach"
"Henrik Dalsgaard","DEF","Denmark","Brentford"
"Jens Stryger","DEF","Denmark","Udinese"
"Jonas Knudsen","DEF","Denmark","Ipswich"
"William Kvist","MID","Denmark","FC Copenhagen"
"Thomas Delaney","MID","Denmark","Werder Bremen"
"Lukas Lerager","MID","Denmark","Bordeaux"
"Lasse Schone","MID","Denmark","Ajax"
"Christian Eriksen","MID","Denmark","Tottenham"
"Michael Krohn-Dehli","MID","Denmark","Deportivo La Coruna"
"Pione Sisto","ATT","Denmark","Celta Vigo"
"Martin Braithwaite","ATT","Denmark","Bordeaux"
"Andreas Cornelius","ATT","Denmark","Atalanta"
"Viktor Fischer","ATT","Denmark","FC Copenhagen"
"Yussuf Poulsen","ATT","Denmark","RB Leipzig"
"Nicolai Jorgensen","ATT","Denmark","Feyenoord"
"Kasper Dolberg","ATT","Denmark","Ajax"
"Hugo Lloris","GK","France","Tottenham Hotspur"
"Steve Mandanda","GK","France","Marseille"
"Alphonse Areola","GK","France","Paris Saint-Germain"
"Lucas Hernandez","DEF","France","Atletico Madrid"
"Presnel Kimpembe","DEF","France","Paris Saint-Germain"
"Benjamin Mendy","DEF","France","Manchester City"
"Benjamin Pavard","DEF","France","Stuttgart"
"Adil Rami","DEF","France","Marseille"
"Djibril Sidibe","DEF","France","Monaco"
"Samuel Umtiti","DEF","France","Barcelona"
"Raphael Varane","DEF","France","Real Madrid"
"N'Golo Kante","MID","France","Chelsea"
"Blaise Matuidi","MID","France","Juventus"
"Steven N'Zonzi","MID","France","Sevilla"
"Paul Pogba","MID","France","Manchester United"
"Corentin Tolisso","MID","France","Bayern Munich"
"Ousmane Dembele","ATT","France","Barcelona"
"Nabil Fekir","ATT","France","Lyon"
"Olivier Giroud","ATT","France","Chelsea"
"Antoine Griezmann","ATT","France","Atletico Madrid"
"Thomas Lemar","ATT","France","Monaco"
"Kylian Mbappe","ATT","France","Paris Saint-Germain"
"Florian Thauvin","ATT","France","Marseille"
"Pedro Gallese","GK","Peru","Veracruz"
"Jose Carvallo","GK","Peru","UTC"
"Carlos Caceda","GK","Peru","Municipal"
"Luis Advincula","DEF","Peru","Lobos"
"Miguel Araujo","DEF","Peru","Alianza Lima"
"Aldo Corzo","DEF","Peru","Universitario"
"Nilson Loyola","DEF","Peru","Melgar"
"Christian Ramos","DEF","Peru","Veracruz"
"Alberto Rodriguez","DEF","Peru","Junior Barranquilla"
"Anderson Santamaria","DEF","Peru","Puebla"
"Miguel Trauco","DEF","Peru","Flamengo"
"Pedro Aquino","MID","Peru","Lobos"
"Wilmer Cartagena","MID","Peru","Veracruz"
"Christian Cueva","MID","Peru","Sao Paulo"
"Edison Flores","MID","Peru","Aalborg"
"Paolo Hurtado","MID","Peru","Vitoria Guimaraes"
"Andy Polo","MID","Peru","Portland Timbers"
"Renato Tapia","MID","Peru","Feyenoord"
"Yoshimar Yotun","MID","Peru","Orlando City"
"Andre Carrillo","ATT","Peru","Watford"
"Raul Ruidiaz","ATT","Peru","Morelia"
"Jefferson Farfan","ATT","Peru","Lokomotiv Moscow"
"Paolo Guerrero","ATT","Peru","Flamengo"
"Willy Caballero","GK","Argentina","Chelsea"
"Franco Armani","GK","Argentina","River Plate"
"Nahuel Guzman","GK","Argentina","Tigres UANL"
"Gabriel Mercado","DEF","Argentina","Sevilla"
"Federico Fazio","DEF","Argentina","Roma"
"Nicolas Otamendi","DEF","Argentina","Manchester City"
"Marcos Rojo","DEF","Argentina","Manchester United"
"Nicolas Taglafico","DEF","Argentina","Ajax"
"Javier Mascherano","DEF","Argentina","Hebei Fortune"
"Marcos Acuna","DEF","Argentina","Sporting Lisbon"
"Cristian Ansaldi","DEF","Argentina","Torino"
"Ever Banega","MID","Argentina","Sevilla"
"Lucas Biglia","MID","Argentina","AC Milan"
"Angel Di Maria","MID","Argentina","Paris St-Germain"
"Giovani Lo Celso","MID","Argentina","Paris St-Germain"
"Enzo Perez","MID","Argentina","River Plate"
"Cristian Pavon","MID","Argentina","Boca Juniors"
"Maximiliano Meza","MID","Argentina","Independiente"
"Eduardo Salvio","MID","Argentina","Benfica"
"Lionel Messi","ATT","Argentina","Barcelona"
"Gonzalo Higuain","ATT","Argentina","Juventus"
"Paulo Dybala","ATT","Argentina","Juventus"
"Sergio Aguero","ATT","Argentina","Manchester City"
"Danijel Subasic","GK","Crotia","Monaco"
"Lovre Kalinic","GK","Crotia","Gent"
"Dominik Livakovic","GK","Crotia","Dinamo"
"Vedran Corluka","DEF","Crotia","Lokomotiv Moscow"
"Domagoj Vida","DEF","Crotia","Besiktas"
"Ivan Strinic","DEF","Crotia","Sampdoria"
"Dejan Lovren","DEF","Crotia","Liverpool"
"Sime Vrsaljko","DEF","Crotia","Atletico Madrid"
"Josip Pivaric","DEF","Crotia","Dynamo Kiev"
"Tin Jedvaj","DEF","Crotia","Bayer Leverkusen"
"Duje Caleta-Car","DEF","Crotia","Red Bull Salzburg"
"Luka Modric","MID","Crotia","Real Madrid"
"Ivan Rakitic","MID","Crotia","Barcelona"
"Mateo Kovacic","MID","Crotia","Real Madrid"
"Milan Badelj","MID","Crotia","Fiorentina"
"Marcelo Brozovic","MID","Crotia","Inter"
"Filip Bradaric","MID","Crotia","Rijeka"
"Mario Mandzukic","ATT","Crotia","Juventus"
"Ivan Perisic","ATT","Crotia","Inter"
"Nikola Kalinic","ATT","Crotia","Milan"
"Andrej Kramaric","ATT","Crotia","Hoffenheim"
"Marko Pjaca","ATT","Crotia","Schalke"
"Ante Rebic","ATT","Crotia","Eintracht"
"Hannes Thor Halldorsson","GK","Iceland","Randers FC"
"Runar Alex Runarsson","GK","Iceland","FC Nordsjælland"
"Frederik Schram","GK","Iceland","FC Roskilde"
"Kari Arnason","DEF","Iceland","Aberdeen"
"Ari Freyr Skulason","DEF","Iceland","KSC Lokeren Oost-Vlaanderen"
"Birkir Mar Saevarsson","DEF","Iceland","Hammarby"
"Sverrir Ingi Ingason","DEF","Iceland","FC Rostov"
"Hordur Magnusson","DEF","Iceland","Bristol City"
"Holmar Orn Eyjolfsson","DEF","Iceland","Maccabi Haifa"
"Ragnar Sigurdsson","DEF","Iceland","FC Rostov"
"Johann Berg Gudmundsson","MID","Iceland","Burnley"
"Birkir Bjarnason","MID","Iceland","Aston Villa"
"Arnor Ingvi Traustason","MID","Iceland","Malmo FF"
"Emil Hallfredsson","MID","Iceland","Udinese"
"Gylfi Sigurdsson","MID","Iceland","Everton"
"Olafur Ingi Skulason","MID","Iceland","Kardemir Karabukspor"
"Rurik Gislason","MID","Iceland","FC Nurnberg"
"Samuel Fridjonsson","MID","Iceland","Valerenga"
"Aron Gunnarsson","MID","Iceland","Cardiff City"
"Alfred Finnbogason","ATT","Iceland","FC Augsburg"
"Bjorn Bergmann Sigurdarson","ATT","Iceland","FC Rostov"
"Jon Dadi Bodvarsson","ATT","Iceland","Reading"
"Albert Gudmundsson","ATT","Iceland","PSV Eindhoven"
"Francis Uzoho","GK","Nigeria","Deportivo La Coruna"
"Ikechukwu Ezenwa","GK","Nigeria","Enyimba"
"Daniel Akpeyi","GK","Nigeria","Chippa United"
"William Troost-Ekong","DEF","Nigeria",""
"Abdullahi Shehu","DEF","Nigeria","Bursaspor"
"Tyronne Ebuehi","DEF","Nigeria","Ado Den Haag"
"Elderson Echiejile","DEF","Nigeria","Cercle Brugge KSV"
"Bryan Idowu","DEF","Nigeria","Amkar Perm"
"Chidozie Awaziem","DEF","Nigeria","Nantes FC"
"Leon Balogun","DEF","Nigeria","Brighton"
"Kenneth Omeruo","DEF","Nigeria","Kasimpasa"
"Mikel John Obi","MID","Nigeria","Tianjin Teda"
"Ogenyi Onazi","MID","Nigeria","Trabzonspor"
"Wilfred Ndidi","MID","Nigeria","Leicester City"
"Oghenekaro Etebo","MID","Nigeria","Las Palmas"
"John Ogu","MID","Nigeria","Hapoel Be'er Sheva"
"Joel Obi","MID","Nigeria","Torino"
"Italy)","MID","Nigeria","Italy"
"Ahmed Musa","ATT","Nigeria","CSKA Moscow"
"Kelechi Iheanacho","ATT","Nigeria","Leicester City"
"Victor Moses","ATT","Nigeria","Chelsea"
"Odion Ighalo","ATT","Nigeria","Changchun Yatai"
"Alex Iwobi","ATT","Nigeria","Arsenal"
"Simeon Nwankwo","ATT","Nigeria","Crotone"
"Alisson","GK","Brazil","Roma"
"Ederson","GK","Brazil","Manchester City"
"Cassio","GK","Brazil","Corinthians"
"Danilo","DEF","Brazil","Manchester City"
"Fagner","DEF","Brazil","Corinthians"
"Marcelo","DEF","Brazil","Real Madrid"
"Filipe Luis","DEF","Brazil","Atletico Madrid"
"Thiago Silva","DEF","Brazil","PSG"
"Marquinhos","DEF","Brazil","PSG"
"Miranda","DEF","Brazil","Inter Milan"
"Pedro Geromel","DEF","Brazil","Gremio"
"Casemiro","MID","Brazil","Real Madrid"
"Fernandinho","MID","Brazil","Manchester City"
"Paulinho","MID","Brazil","Barcelona"
"Fred","MID","Brazil","Shakhtar Donetsk"
"Renato Augusto","MID","Brazil","Beijing Guoan"
"Philippe Coutinho","MID","Brazil","Barcelona"
"Willian","MID","Brazil","Chelsea"
"Douglas Costa","MID","Brazil","Juventus"
"Neymar","ATT","Brazil","PSG"
"Taison","ATT","Brazil","Shakhtar Donetsk"
"Gabriel Jesus","ATT","Brazil","Manchester City"
"Roberto Firmino","ATT","Brazil","Liverpool"
"Keylor Navas","GK","Costa Rica","Real Madrid"
"Patrick Pemberton","GK","Costa Rica","Liga Deportiva Alajuelense"
"Leonel Moreira","GK","Costa Rica","CS Herediano"
"Cristian Gamboa","DEF","Costa Rica","Celtic"
"Ian Smith","DEF","Costa Rica","Santos de Guapiles FC"
"Ronald Matarrita","DEF","Costa Rica","New York City"
"Bryan Oviedo","DEF","Costa Rica","Sunderland"
"Oscar Duarte","DEF","Costa Rica","Espanyol"
"Giancarlo Gonzalez","DEF","Costa Rica","Bologna"
"Francisco Calvo","DEF","Costa Rica","Minnesota United"
"Kendall Waston","DEF","Costa Rica","Vancouver Whitecaps"
"Johnny Acosta","DEF","Costa Rica","Rionegro Aguilas"
"David Guzman","MID","Costa Rica","Portland Timbers"
"Yeltsin Tejeda","MID","Costa Rica","FC Lausanne-Sport"
"Celso Borges","MID","Costa Rica","Deportivo de La Coruna"
"Randall Azofeifa","MID","Costa Rica","CS Herediano"
"Rodney Wallace","MID","Costa Rica","New York City"
"Bryan Ruiz","MID","Costa Rica","Sporting"
"Daniel Colindres","MID","Costa Rica","Deportivo Saprissa"
"Christian Bolanos","MID","Costa Rica","Deportivo Saprissa"
"Johan Venegas","ATT","Costa Rica","Deportivo Saprissa"
"Joel Campbell","ATT","Costa Rica","Real Betis"
"Marco Urena","ATT","Costa Rica","Los Angeles FC"
"Vladimir Stojkovic","GK","Serbia","Partizan Belgrade"
"Predrag Rajkovic","GK","Serbia","Maccabi Tel Aviv"
"Marko Dmitrovic","GK","Serbia","Eibar"
"Aleksandar Kolarov","DEF","Serbia","AS Roma"
"Branislav Ivanovic","DEF","Serbia","Zenit St Petersburg"
"Dusko Tosic","DEF","Serbia","Guangzhou R&F"
"Antonio Rukavina","DEF","Serbia","Villarreal"
"Milos Veljkovic","DEF","Serbia","Werder Bremen"
"Milan Rodic","DEF","Serbia","Red Star Belgrade"
"Uros Spajic","DEF","Serbia","Krasnodar"
"Nikola Milenkovic","DEF","Serbia","Fiorentina"
"Nemanja Matic","MID","Serbia","Manchester United"
"Luka Milivojevic","MID","Serbia","Crystal Palace"
"Sergej Milinkovic-Savic","MID","Serbia","Lazio"
"Marko Grujic","MID","Serbia","Liverpool"
"Adem Ljajic","MID","Serbia","Torino"
"Dusan Tadic","MID","Serbia","Southampton"
"Filip Kostic","MID","Serbia","Hamburg SV"
"Andrija Zivkovic","MID","Serbia","Benfica"
"Nemanja Radonjic","MID","Serbia","Red Star Belgrade"
"Aleksandar Mitrovic","ATT","Serbia","Newcastle United"
"Aleksandar Prijovic","ATT","Serbia","PAOK Salonika"
"Luka Jovic","ATT","Serbia","Benfica"
"Yann Sommer","GK","Switzerland","Borussia Mönchengladbach"
"Roman Bürki","GK","Switzerland","Borussia Dortmund"
"Yvon Mvogo","GK","Switzerland","RB Leipzig"
"Stephan Lichtsteiner","DEF","Switzerland","Juventus"
"Johan Djourou","DEF","Switzerland","Antalyaspor"
"Ricardo Rodríguez","DEF","Switzerland","Milan"
"Fabian Schär","DEF","Switzerland","Deportivo La Coruna"
"François Moubandje","DEF","Switzerland","Toulouse"
"Michael Lang","DEF","Switzerland","Basel"
"Manuel Akanji","DEF","Switzerland","Borussia Dortmund"
"Nico Elvedi","DEF","Switzerland","Borussia Mönchengladbach"
"Valon Behrami","MID","Switzerland","Udinese"
"Xherdan Shaqiri","MID","Switzerland","Stoke"
"Gelson Fernandes","MID","Switzerland","Eintracht Frankfurt"
"Blerim Džemaili","MID","Switzerland","Bologna"
"Granit Xhaka","MID","Switzerland","Arsenal"
"Steven Zuber","MID","Switzerland","1899 Hoffenheim"
"Remo Freuler","MID","Switzerland","Atalanta"
"Denis Zakaria","MID","Switzerland","Borussia Mönchengladbach"
"Haris Seferović","ATT","Switzerland","Benfica"
"Josip Drmić","ATT","Switzerland","Borussia Mönchengladbach"
"Breel Embolo","ATT","Switzerland","Schalke 04"
"Mario Gavranović","ATT","Switzerland","Dinamo Zagreb"
"Manuel Neuer","GK","Germany","Bayern Munich"
"Marc-Andre ter Stegen","GK","Germany","Barcelona"
"Kevin Trapp","GK","Germany","Paris St-Germain"
"Jerome Boateng","DEF","Germany","Bayern Munich"
"Matthias Ginter","DEF","Germany","Borussia Monchengladbach"
"Jonas Hector","DEF","Germany","Cologne"
"Mats Hummels","DEF","Germany","Bayern Munich"
"Joshua Kimmich","DEF","Germany","Bayern Munich"
"Marvin Plattenhardt","DEF","Germany","Hertha Berlin"
"Antonio Rudiger","DEF","Germany","Chelsea"
"Niklas Sule","DEF","Germany","Bayern Munich"
"Julian Brandt","MID","Germany","Bayer Leverkusen"
"Julian Draxler","MID","Germany","Paris St-Germain"
"Leon Goretska","MID","Germany","Schalke"
"Ilkay Gundogan","MID","Germany","Manchester City"
"Sami Khedira","MID","Germany","Juventus"
"Toni Kroos","MID","Germany","Real Madrid"
"Mesut Ozil","MID","Germany","Arsenal"
"Sebastian Rudy","MID","Germany","Bayern Munich"
"Mario Gomez","ATT","Germany","Stuttgart"
"Thomas Muller","ATT","Germany","Bayern Munich"
"Marco Reus","ATT","Germany","Borussia Dortmund"
"Timo Werner","ATT","Germany","RB Leipzig"
"Guillermo Ochoa","GK","Mexico","Standard Liege"
"Alfredo Talavera","GK","Mexico","Toluca"
"Jesus Corona","GK","Mexico","Cruz Azul"
"Carlos Salcedo","DEF","Mexico","Eintracht Frankfurt"
"Diego Reyes","DEF","Mexico","Porto"
"Hector Moreno","DEF","Mexico","Real Sociedad"
"Hugo Ayala","DEF","Mexico","Tigres"
"Edson Alvarez","DEF","Mexico","America"
"Jesus Gallardo","DEF","Mexico","Monterrey"
"Miguel Layun","DEF","Mexico","Sevilla"
"Erick Gutierrez","DEF","Mexico","Pachuca"
"Rafael Marquez","MID","Mexico","Atlas"
"Hector Herrera","MID","Mexico","Porto"
"Jonathan Dos Santos","MID","Mexico","LA Galaxy"
"Giovani Dos Santos","MID","Mexico","LA Galaxy"
"Andres Guardado","MID","Mexico","Real Betis"
"Marco Fabian","MID","Mexico","Eintracht Frankfurt"
"Javier Hernandez","ATT","Mexico","West Ham"
"Raul Jimenez","ATT","Mexico","Benfica"
"Oribe Peralta","ATT","Mexico","America"
"Jesus Manuel Corona","ATT","Mexico","Porto"
"Carlos Vela","ATT","Mexico","Los Angeles FC"
"Javier Aquino","ATT","Mexico","Tigres"
"Hirving Lozano","ATT","Mexico","PSV Eindhoven"
"Kim Seung-gyu","GK","South Korea","Vissel Kobe"
"Kim Jin-hyeon","GK","South Korea","Cerezo Osaka"
"Cho Hyun-woo","GK","South Korea","Daegu FC"
"Kim Young-gwon","DEF","South Korea","Guangzhou Evergrande"
"Jang Hyun-soo","DEF","South Korea","FC Tokyo"
"Jung Seung-hyun","DEF","South Korea","Sagan Tosu"
"Yun Yong-sun","DEF","South Korea","Seongnam FC"
"Oh Ban-suk","DEF","South Korea","Jeju United"
"Kim Min-woo","DEF","South Korea","Sangju Sangmu"
"Park Joo-ho","DEF","South Korea","Ulsan Hyundai"
"Hong Chul","DEF","South Korea","Sangju Sangmu"
"Go Yo-han","DEF","South Korea","FC Seoul"
"Lee Yong","DEF","South Korea","Jeonbuk Hyundai Motors"
"Ki Sung-yueng","MID","South Korea","Swansea City"
"Jung Woo-young","MID","South Korea","Vissel Kobe"
"Ju Se-jong","MID","South Korea","Asan Mugunghwa FC"
"Koo Ja-cheol","MID","South Korea","FC Augsburg"
"Lee Jae-sung","MID","South Korea","Jeonbuk Hyundai Motors"
"Lee Seung-woo","MID","South Korea","Hellas Verona"
"Moon Seon-min","MID","South Korea","Incheon United"
"Kim Shin-wook","ATT","South Korea","Jeonbuk Hyundai Motors"
"Son Heung-min","ATT","South Korea","Tottenham Hotspur"
"Hwang Hee-chan","ATT","South Korea","FC Red Bull Salzburg"
"Robin Olsen","GK","Sweden","Copenhagen"
"Karl-Johan Johnsson","GK","Sweden","Guingamp"
"Kristoffer Nordfeldt","GK","Sweden","Swansea"
"Mikael Lustig","DEF","Sweden","Celtic"
"Victor Lindelof","DEF","Sweden","Manchester United"
"Andreas Granqvist","DEF","Sweden","Krasnador"
"Martin Olsson","DEF","Sweden","Swansea"
"Ludwig Augustinsson","DEF","Sweden","Werder Bremen"
"Filip Helander","DEF","Sweden","Bologna"
"Emil Krafth","DEF","Sweden","Bologna"
"Pontus Jansson","DEF","Sweden","Leeds United"
"Sebastian Larsson","MID","Sweden","Hull"
"Albin Ekdal","MID","Sweden","Hamburg"
"Emil Forsberg","MID","Sweden","RB Leipzig"
"Gustav Svensson","MID","Sweden","Seattle Sounders"
"Oscar Hiljemark","MID","Sweden","Genoa"
"Viktor Claesson","MID","Sweden","Krasnador"
"Marcus Rohden","MID","Sweden","Crotone"
"Jimmy Durmaz","MID","Sweden","Toulouse"
"Marcus Berg","ATT","Sweden","Al Ain"
"John Guidetti","ATT","Sweden","Alaves"
"Ola Toivonen","ATT","Sweden","Toulouse"
"Isaac Kiese Thelin","ATT","Sweden","Waasland-Beveren"
"Koen Casteels","GK","Belgium","Wolfsburg"
"Thibaut Courtois","GK","Belgium","Chelsea"
"Simon Mignolet","GK","Belgium","Liverpool"
"Toby Alderweireld","DEF","Belgium","Tottenham Hotspur"
"Dedryck Boyata","DEF","Belgium","Celtic"
"Vincent Kompany","DEF","Belgium","Manchester City"
"Thomas Meunier","DEF","Belgium","Paris St-Germain"
"Laurent Ciman","DEF","Belgium",""
"Thomas Vermaelen","DEF","Belgium","Barcelona"
"Jan Vertonghen","DEF","Belgium","Tottenham Hotspur"
"Yannick Carrasco","MID","Belgium","Dalian Yifang"
"Kevin de Bruyne","MID","Belgium","Manchester City"
"Mousa Dembele","MID","Belgium","Tottenham Hotspur"
"Leander Dendoncker","MID","Belgium","Anderlecht"
"Marouane Fellaini","MID","Belgium","Manchester United"
"Eden Hazard","MID","Belgium","Chelsea"
"Thorgan Hazard","MID","Belgium","Borussia Monchengladbach"
"Adnan Januzaj","MID","Belgium","Real Sociedad"
"Dries Mertens","MID","Belgium","Napoli"
"Youri Tielemans","MID","Belgium","Monaco"
"Axel Witsel","MID","Belgium","Tianjin Quanjian"
"Michy Batshuayi","ATT","Belgium","Chelsea"
"Nacer Chadli","ATT","Belgium","West Brom"
"Romelu Lukaku","ATT","Belgium","Manchester United"
"Jack Butland","GK","England","Stoke City"
"Jordan Pickford","GK","England","Everton"
"Nick Pope","GK","England","Burnley"
"Trent Alexander-Arnold","DEF","England","Liverpool"
"Gary Cahill","DEF","England","Chelsea"
"Fabian Delph","DEF","England","Manchester City"
"Phil Jones","DEF","England","Manchester United"
"Harry Maguire","DEF","England","Leicester City"
"Danny Rose","DEF","England","Tottenham Hotspur"
"John Stones","DEF","England","Manchester City"
"Kieran Trippier","DEF","England","Tottenham Hotspur"
"Kyle Walker","DEF","England","Manchester City"
"Ashley Young","DEF","England","Manchester United"
"Dele Alli","MID","England","Tottenham Hotspur"
"Eric Dier","MID","England","Tottenham Hotspur"
"Jordan Henderson","MID","England","Liverpool"
"Jesse Lingard","MID","England","Manchester United"
"Ruben Loftus-Cheek","MID","England","Chelsea"
"Harry Kane","ATT","England","Tottenham Hotspur"
"Marcus Rashford","ATT","England","Manchester United"
"Raheem Sterling","ATT","England","Manchester City"
"Jamie Vardy","ATT","England","Leicester City"
"Danny Welbeck","ATT","England","Manchester United"
"Jose Calderon","GK","Panama","Chorrillo FC"
"Jaime Penedo","GK","Panama","Dinamo Bucharest"
"Alex Rodriguez","GK","Panama","San Francisco FC"
"Felipe Baloy","DEF","Panama","CSD Municipal"
"Harold Cummings","DEF","Panama","San Jose Earthquakes"
"Eric Davis","DEF","Panama","DAC Dunajska Streda"
"Fidel Escobar","DEF","Panama","New York Red Bulls"
"Adolfo Machado","DEF","Panama","Houston Dynamo"
"Michael Murillo","DEF","Panama","New York Red Bulls"
"Luis Ovalle","DEF","Panama","CD Olimpia"
"Roman Torres","DEF","Panama","Seattle Sounders"
"Edgar Barcenas","MID","Panama","Cafetaleros de Tapachula"
"Armando Cooper","MID","Panama","Club Universidad de Chile"
"Anibal Godoy","MID","Panama","San Jose Earthquakes"
"Gabriel Gómez","MID","Panama","Bucaramanga"
"Valentin Pimentel","MID","Panama","Plaza Amador"
"Alberto Quintero","MID","Panama","Universitario de Lima"
"Jose Luis Rodriguez","MID","Panama","KAA Gent"
"Abdiel Arroyo","ATT","Panama","LD Alajuelense"
"Ismael Diaz","ATT","Panama","Deportivo La Coruna"
"Blas Perez","ATT","Panama","CSD Municipal"
"Luis Tejada","ATT","Panama","Sports Boys"
"Gabriel Torres","ATT","Panama","CD Huachipato"
"Farouk Ben Mustapha","GK","Tunisia","Al Shabab"
"Saudi Arabia)","GK","Tunisia","Saudi Arabia"
"Moez Hassen","GK","Tunisia","Chateauroux"
"France)","GK","Tunisia","France"
"Aymen Mathlouthi","GK","Tunisia","Al Baten"
"Rami Bedoui","DEF","Tunisia","Etoile du Sahel"
"Yohan Benalouane","DEF","Tunisia","Leicester City"
"Syam Ben Youssef","DEF","Tunisia","Kasimpasa"
"Dylan Bronn","DEF","Tunisia","Gent"
"Oussama Haddadi","DEF","Tunisia","Dijon"
"Ali Maaloul","DEF","Tunisia","Al Ahly"
"Yassine Meriah","DEF","Tunisia","CS Sfaxien"
"Hamdi Nagguez","DEF","Tunisia","Zamalek"
"Anice Badri","MID","Tunisia","Esperance"
"Mohamed Amine Ben Amor","MID","Tunisia","Al Ahli Riyadh"
"Ghaylene Chaalali","MID","Tunisia","Esperance"
"Ahmed Khalil","MID","Tunisia","Club Africain"
"Saifeddine Khaoui","MID","Tunisia","Troyes"
"Ferjani Sassi","MID","Tunisia","Al Nasr"
"Ellyes Skhiri","MID","Tunisia","Montpellie"
"Naim Sliti","MID","Tunisia","Dijon"
"Bassem Srarfi","MID","Tunisia","Nice"
"Fakhreddine Ben Youssef","ATT","Tunisia","Al Ittifaq"
"Saber Khalifa","ATT","Tunisia","Club Africain"
"Wahbi Khazri","ATT","Tunisia","Rennes"
"David Ospina","GK","Colombia","Arsenal"
"Camilo Vargas","GK","Colombia","Deportivo Cali"
"José Fernando Cuadrado","GK","Colombia","Once Caldas"
"Cristian Zapata","DEF","Colombia","Milan"
"Dávinson Sánchez","DEF","Colombia","Tottenham"
"Santiago Arias","DEF","Colombia","PSV Eindhoven"
"Óscar Murillo","DEF","Colombia","Pachuca"
"Frank Fabra","DEF","Colombia","Boca Juniors"
"Johan Mojica","DEF","Colombia","Girona"
"Yerry Mina","DEF","Colombia","Barcelona"
"Wílmar Barrios","MID","Colombia","Boca Juniors"
"Carlos Sánchez","MID","Colombia","Espanyol"
"Jefferson Lerma","MID","Colombia","Levante"
"José Izquierdo","MID","Colombia","Brighton Hove & Albion"
"James Rodríguez","MID","Colombia","Bayern Múnich"
"Abel Aguilar","MID","Colombia","Deportivo Cali"
"Mateus Uribe","MID","Colombia","América"
"Juan Fernando Quintero","MID","Colombia","River Plate"
"Juan Guillermo Cuadrado","MID","Colombia","Juventus"
"Radamel Falcao","ATT","Colombia","Mónaco"
"Miguel Borja","ATT","Colombia","Palmeiras"
"Carlos Bacca","ATT","Colombia","Villarreal"
"Luis Fernando Muriel","ATT","Colombia","Sevilla"
"Eiji Kawashima","GK","Japan","Metz"
"Masaaki Higashiguchi","GK","Japan","Gamba Osaka"
"Kosuke Nakamura","GK","Japan","Kashiwa Reysol"
"Yuto Nagatomo","DEF","Japan","Galatasaray"
"Tomoaki Makino","DEF","Japan",""
"Wataru Endo","DEF","Japan","Urawa Reds"
"Maya Yoshida","DEF","Japan","Southampton"
"Hiroki Sakai","DEF","Japan","Marseille"
"Gotoku Sakai","DEF","Japan","Hamburg"
"Gen Shoji","DEF","Japan","Kashima Antlers"
"Naomichi Ueda","DEF","Japan","Kashima Antlers"
"Makoto Hasebe","MID","Japan","Eintracht Frankfurt"
"Keisuke Honda","MID","Japan","Pachuca"
"Takashi Inui","MID","Japan","Eibar"
"Shinji Kagawa","MID","Japan","Dortmund"
"Hotaru Yamaguchi","MID","Japan","Cerezo Osaka"
"Genki Haraguchi","MID","Japan","Fortuna Düsseldorf"
"Takashi Usami","MID","Japan","Fortuna Dusseldorf"
"Gaku Shibasaki","MID","Japan","Getafe"
"Ryota Oshima","MID","Japan","Kawasaki Frontale"
"Shinji Okazaki","ATT","Japan","Leicester"
"Yuya Osako","ATT","Japan","Werder Bremen"
"Yoshinori Muto","ATT","Japan","Mainz"
"Bartosz Białkowski","GK","Poland","Ipswich Town"
"Łukasz Fabiański","GK","Poland","Swansea City"
"Wojciech Szczęsny","GK","Poland","Juventus"
"Jan Bednarek","DEF","Poland","Southampton"
"Bartosz Bereszyński","DEF","Poland","Sampdoria"
"Thiago Cionek","DEF","Poland","SPAL"
"Kamil Glik","DEF","Poland","AS Monaco"
"Łukasz Piszczek","DEF","Poland","Borussia Dortmund"
"Artur Jędrzejczyk","DEF","Poland","Legia Warsaw"
"Michał Pazdan","DEF","Poland","Legia Warsaw"
"Jakub Błaszczykowski","MID","Poland","VfL Wolfsburg"
"Jacek Góralski","MID","Poland","Ludogorets Razgrad"
"Kamil Grosicki","MID","Poland","Hull City"
"Grzegorz Krychowiak","MID","Poland","West Bromwich Albion"
"Rafał Kurzawa","MID","Poland","Górnik Zabrze"
"Karol Linetty","MID","Poland","Sampdoria"
"Sławomir Peszko","MID","Poland","Lechia Gdańsk"
"Maciej Rybus","MID","Poland","Lokomotiv Moscow"
"Piotr Zieliński","MID","Poland","Napoli"
"Dawid Kownacki","ATT","Poland","Sampdoria"
"Robert Lewandowski","ATT","Poland","Bayern Munich"
"Arkadiusz Milik","ATT","Poland","Napoli"
"Łukasz Teodorczyk","ATT","Poland","Anderlecht"
"Khadim Ndiaye","GK","Senegal","Horoya AC"
"Abdoulaye Diallo","GK","Senegal","Rennes"
"Alfred Gomis","GK","Senegal","Torino"
"Kara Mbodji","DEF","Senegal","Anderlecht"
"Kalidou Koulibaly","DEF","Senegal","Napoli"
"Moussa Wague","DEF","Senegal","Eupen"
"Saliou Ciss","DEF","Senegal","Angers"
"Youssouf Sabaly","DEF","Senegal","Bordeaux"
"Lamine Gassama","DEF","Senegal","Alanyaspor"
"Armand Traore","DEF","Senegal","Nottingham Forest"
"Salif Sane","DEF","Senegal","Hannover 96"
"Pape Alioune Ndiaye","MID","Senegal","Stoke"
"Idrissa Gueye","MID","Senegal","Everton"
"Cheikhou Kouyate","MID","Senegal","West Ham"
"Cheikh N'Doye","MID","Senegal","Birmingham"
"Sadio Mane","ATT","Senegal","Liverpool"
"Diao Balde Keita","ATT","Senegal","Monaco"
"Ismaila Sarr","ATT","Senegal","Rennes"
"Diafra Sakho","ATT","Senegal","Rennes"
"Moussa Konate","ATT","Senegal","Amiens"
"Mame Biram Diouf","ATT","Senegal","Stoke"
"Mbaye Niang","ATT","Senegal","AC Milan"
